case_id,party_number,victim_number,accident_year,collision_time,day_of_week,weather_1,primary_coll_factor,type_of_collision,at_fault,party_sex,party_soberiety,oaf_1,move_pre_acc,vehicle_year,vehicle_make,stwd_vehicle_type,race,road_surface,road_cond_1,lighting,point_x,point_y,victim_age,severe_injury,safety_equip_used,victim_sex,victim_seating_postion,victim_ejected
8325281,2,1,2017,1729,3,E,A,D,N,M,A,N,B,2001,BMW,C,W,A,H,B,-118.7200119,34.03393858,38,0,PW,M,1,1
8950555,2,1,2019,755,2,B,A,D,N,M,A,N,E,2017,YAMAHA,C,H,A,H,A,-118.3957291,33.9814682,24,0,PW,M,1,1
8788245,1,1,2018,919,6,A,A,C,Y,M,A,N,B,2007,SUZUKI,C,B,A,H,A,-118.3038406,33.90190506,28,1,MW,M,1,1
6718605,1,1,2017,1622,5,A,A,A,Y,M,D,N,B,1989,YAMAHA,C,H,A,H,A,-118.219843,34.01279572,42,1,LW,M,9,3
8401049,2,1,2017,1440,4,A,A,D,N,M,A,N,B,2013,VESPA,C,H,A,H,A,-118.4427252,34.2510577,48,0,PW,M,1,1
8939325,2,1,2019,1030,6,A,A,D,Y,M,A,A,B,2016,KTM,C,W,A,H,A,-118.4117813,34.20119095,30,1,PW,M,1,1
8615963,1,1,2018,2333,5,A,A,G,Y,M,A,N,B,2016,HONDA,C,H,A,H,C,-118.6353378,34.03696442,28,1,PW,M,1,3
90451607,1,1,2017,836,3,A,A,B,Y,M,A,N,B,2007,HD,C,W,A,D,A,-118.0742943,33.9125462,44,1,PW,M,1,1
8871297,2,1,2019,1710,5,B,A,D,N,M,A,N,B,2007,BMW,C,H,A,H,A,-118.285347,34.0440712,23,0,HP,M,1,0
8598498,2,1,2018,1910,1,A,A,D,N,M,A,N,B,2016,YAMAHA,C,H,A,H,A,-118.3294907,34.09801102,21,0,PW,M,1,1
8796922,2,1,2019,701,2,E,A,A,N,M,A,N,B,2006,KAWASAKI,C,B,A,H,A,-118.3178635,33.90919876,54,0,PW,M,1,3
8618432,2,1,2018,1915,7,A,A,H,N,M,A,M,B,2008,HONDA,C,B,A,H,A,-118.0818405,33.83140182,52,0,PW,M,1,1
8854771,2,1,2019,750,3,A,A,B,N,M,H,E,B,1973,HONDA,C,A,A,H,A,-118.3288422,34.09254074,39,0,PW,M,1,1
8350708,2,1,2017,1745,4,A,A,A,N,M,A,ZZ,B,2009,SUZUKI,C,B,A,H,A,-118.33859,34.08526012,23,0,GM,M,1,3
8336021,1,1,2017,1813,2,A,A,H,Y,F,A,M,B,2016,HONDA,C,W,A,H,C,-118.35122,33.79938004,29,0,PW,F,1,0
8786903,2,1,2019,1146,2,A,A,E,N,M,A,N,B,2016,TRIUMPH,C,W,A,H,A,-117.925695,34.082757,61,0,PW,M,1,1
90748791,2,1,2018,1900,2,A,A,C,N,M,A,N,B,2018,YAMA,C,H,A,H,A,-118.1198349,33.96385574,35,0,PW,M,1,1
90991049,1,1,2019,1350,6,A,A,E,Y,M,G,N,B,2007,SUZUKI,C,H,A,H,A,-118.4092178,34.28646088,27,1,PW,M,1,1
91095747,2,1,2019,1720,4,A,A,B,Y,M,A,N,I,2018,DUCA,C,W,A,H,A,-118.582901,34.16805649,42,0,PW,M,1,1
8892246,2,1,2019,802,3,A,A,D,N,M,A,N,B,2016,YAMAHA,C,H,A,H,A,-118.1307526,33.95259857,27,0,AP,M,1,1
8688881,1,1,2018,1119,7,A,A,C,Y,M,A,ZZ,B,2007,HONDA,C,H,A,H,A,-118.8162918,34.01732254,22,1,PW,M,1,1
8417735,2,1,2017,1630,7,A,A,B,N,M,A,N,B,2006,SUZUKI,C,B,A,H,A,-118.4258184,34.42685431,41,0,PW,M,1,1
9017544,1,1,2019,1345,6,A,A,D,Y,M,A,N,F,2009,HONDA,C,W,A,H,A,-118.2695999,33.99877167,65,0,PW,M,1,0
8771717,2,1,2018,1100,3,A,A,D,N,M,A,N,B,2017,SUZUKI,C,W,A,H,A,-118.4005432,34.07194138,35,0,PW,M,9,1
8517200,2,1,2017,1720,6,A,A,A,N,M,A,ZZ,B,1996,HONDA,C,H,A,H,C,-118.3682194,34.18671876,36,1,PW,M,1,0
8556900,2,1,2018,1620,5,A,A,D,N,M,A,N,B,2014,HONDA,C,W,A,H,A,-118.5011215,34.2012291,54,0,MY,M,1,0
91141805,1,1,2019,140,4,B,A,E,Y,M,G,H,C,2004,HONDA,C,H,A,H,C,-118.4290009,34.25167847,26,1,PW,M,1,1
8297555,2,1,2017,655,5,A,A,H,N,M,A,N,B,2013,HONDA,C,H,A,H,A,-118.3987279,34.02348691,46,0,PV,M,1,0
8637658,2,1,2018,1640,1,A,A,D,N,M,A,N,B,2003,YAMAHA,C,W,A,H,A,-118.3952789,34.02965164,31,0,PW,M,1,1
91133070,2,1,2019,645,1,A,A,C,N,M,A,N,B,2019,HD,C,H,A,H,A,-118.6377258,34.15941238,22,0,PW,M,1,1
8746411,2,1,2018,1739,6,B,A,D,N,M,A,N,B,2005,KAWASAKI,C,B,A,H,C,-118.3503494,33.93096161,37,1,PW,M,1,1
8201550,1,1,2017,1905,5,A,A,D,Y,F,A,N,E,2003,LEXUS,C,H,A,H,C,-118.4392301,34.29949001,19,0,GL,M,3,0
8201550,1,2,2017,1905,5,A,A,D,Y,F,A,N,E,2003,LEXUS,C,H,A,H,C,-118.4392301,34.29949001,24,0,GL,M,6,0
8763716,2,1,2018,1450,5,A,A,D,N,M,A,N,E,2001,HONDA,C,B,A,H,A,-118.2841873,34.05178833,39,0,PW,M,1,0
8331981,2,1,2017,620,3,E,A,E,N,M,A,N,B,2007,YAMAHA,C,H,B,H,A,-118.1407937,33.95897895,59,0,PW,M,1,0
8703932,2,1,2018,1100,4,A,A,C,Y,M,A,N,B,2013,DUCATI (MOTORCYCLE),C,W,A,H,A,-118.4661484,34.17225266,26,0,PW,M,1,1
90866155,1,1,2018,1654,3,A,A,C,Y,M,A,N,B,2018,KAWA,C,W,A,H,C,-117.981102,34.13528824,40,0,PW,M,1,1
8965234,1,1,2019,1310,7,A,A,B,Y,M,A,N,B,2017,YAMAHA,C,H,A,H,A,-118.0266113,34.0934906,24,0,PW,M,1,1
8315269,2,1,2017,852,7,A,A,D,N,M,A,ZZ,B,2013,YAMAHA,C,H,A,H,A,-118.19686,33.95006005,22,0,CM,M,1,1
8327421,1,1,2017,1030,5,A,A,C,Y,M,A,N,B,2007,YAMAHA,C,B,A,H,A,-118.37661,34.07606005,43,0,AM,M,1,1
8560925,2,1,2018,736,2,A,A,D,N,M,A,N,B,2017,YAMAHA,C,H,A,H,A,-118.3580627,33.92095947,20,0,PW,M,1,0
8550238,1,1,2018,825,7,A,A,D,Y,F,A,N,B,1972,HONDA,C,B,A,H,A,-118.1545715,33.78980637,44,0,PW,F,1,0
8659123,2,1,2018,1625,6,A,A,D,N,M,A,N,B,2006,KAWASAKI,C,W,A,H,A,-118.3635406,34.13697433,30,0,PW,M,1,1
8835897,1,1,2019,755,5,A,A,C,Y,M,H,N,B,2016,KTM,C,W,A,H,A,-118.3333893,34.07616043,43,0,PW,M,1,1
8393773,1,1,2017,2120,2,A,A,C,Y,M,A,A,I,2013,SUZUKI,C,H,A,H,C,-118.3867689,34.17941,24,0,PW,M,1,0
8993079,2,1,2019,1355,5,A,A,D,N,M,A,N,B,2017,SUZUKI,C,B,A,H,A,-118.6051559,34.15232849,24,0,PW,M,1,2
8993079,3,1,2019,1355,5,A,A,D,N,M,A,N,B,2016,SUZUKI,C,B,A,H,A,-118.6051559,34.15232849,22,0,PW,M,1,2
8534459,2,1,2017,1711,4,A,A,C,N,M,A,N,A,2009,HONDA,C,A,A,H,C,-118.0020773,33.96183145,22,0,PW,M,1,1
90750163,1,1,2018,1605,7,A,A,F,Y,M,A,N,B,2017,HD,C,H,A,H,A,-117.9466553,34.04808807,49,0,PW,M,1,1
91070366,1,1,2019,1842,1,A,A,F,Y,M,A,N,R,1985,HONDA,C,W,A,G,B,-118.3442917,34.77587509,70,1,PW,M,1,1
8298449,2,1,2017,950,7,B,A,H,N,M,A,N,B,2005,KAWASAKI,C,H,A,H,A,-118.284523,34.05771602,33,0,PW,M,1,0
8655399,2,1,2018,1848,6,A,A,D,N,M,A,H,B,2001,HONDA,C,B,A,H,A,-118.3701706,33.9684906,38,0,AP,M,1,1
8713085,2,1,2018,2240,3,A,A,D,N,M,A,N,B,2017,YAMAHA,C,H,A,H,C,-118.3004379,33.90067673,34,0,PW,M,1,3
8641176,1,1,2018,1250,7,B,A,C,Y,M,A,A,I,2008,TRIUMPH,C,W,A,H,A,-118.3798218,34.08196259,21,1,PW,M,1,0
8439610,2,1,2017,2034,2,A,A,B,N,M,A,N,B,2007,YAMAHA,C,H,A,H,C,-118.1253355,33.8994451,25,1,PW,M,1,1
8400986,1,1,2017,2015,7,A,A,D,Y,M,A,N,B,2012,KAWASAKI,C,H,A,H,B,-118.407288,34.310552,31,0,PW,M,1,1
8404942,2,1,2018,2034,3,A,A,D,N,M,G,N,B,2006,YAMAHA,C,H,A,H,C,-118.0636902,34.68992996,21,1,PW,M,1,1
8472777,2,1,2017,1742,2,A,A,D,N,M,A,N,B,2008,YAMAHA,C,H,A,H,A,-118.0123639,34.07533913,39,0,MW,M,1,1
8491085,2,1,2017,2005,2,A,A,D,N,M,A,N,B,2004,HONDA,C,W,A,H,C,-118.53609,34.2358597,31,0,PW,M,1,1
8538804,1,1,2017,2135,5,A,A,B,N,M,H,N,B,2000,HONDA,C,W,A,H,C,-118.2923701,33.73241001,50,1,PW,M,1,1
8898882,1,1,2019,1430,7,A,A,E,Y,M,A,N,D,2013,KAWASAKI,C,H,A,H,A,-118.4354477,34.23524094,27,0,PW,M,1,1
8932537,2,1,2019,1640,6,A,A,D,N,M,A,ZZ,B,1983,BMW,C,W,A,H,A,-118.2360382,34.07959747,44,0,PW,M,1,0
8977682,2,1,2019,955,7,A,A,D,N,M,A,N,B,2018,YAMAHA,C,H,A,H,A,-118.2891693,34.04727936,31,1,PW,M,1,2
8929569,1,1,2019,825,6,A,A,C,Y,M,A,N,B,1979,HONDA,C,B,A,H,A,-118.1762543,33.90356445,66,0,PW,M,1,0
90937636,3,1,2019,1401,1,A,A,B,N,M,A,N,B,2013,BMW,C,W,A,H,A,-118.6354599,34.50905228,40,1,PW,M,1,1
8645823,2,1,2018,2050,4,A,A,D,N,M,A,N,B,2003,HONDA,C,H,A,H,B,-118.2925339,33.75880432,51,0,GM,M,1,0
8363592,2,1,2017,1630,3,A,A,D,N,M,A,N,B,2014,BMW,C,W,A,H,A,-118.34702,34.0478201,51,0,PW,M,1,1
8890484,1,1,2019,820,5,A,A,G,Y,M,A,N,B,1985,HONDA,C,H,A,H,A,-118.4152069,34.42823029,20,1,PW,M,1,3
8964293,2,1,2019,1959,5,A,A,D,N,M,H,A,B,1995,YAMAHA,C,H,A,H,A,-118.108284,34.01768112,50,0,AP,M,1,2
9052339,1,1,2019,1102,7,A,A,H,Y,M,A,N,M,2002,TRIUMPH,C,W,A,H,A,-118.5025253,34.01688766,46,1,PW,M,1,0
8792528,2,1,2019,715,4,A,A,D,N,M,G,N,B,2014,YAMAHA,C,H,A,H,A,-118.4681625,34.12950897,24,0,PW,M,1,0
91009961,2,1,2019,1635,2,A,A,B,N,M,A,N,B,2016,SUZU,C,H,A,H,A,-118.1691284,33.96416855,31,0,PW,M,1,1
91026496,1,1,2019,1830,3,A,A,F,Y,M,A,N,H,2007,HARL,C,H,A,H,A,-118.6372375,34.23820877,62,1,PW,M,1,2
8362882,1,1,2017,1830,6,A,A,D,Y,M,A,ZZ,E,2003,CHRYSLER,C,W,A,H,A,-118.48507,34.23564004,83,0,GM,M,1,0
8465748,2,1,2018,1355,6,A,A,A,N,M,A,N,B,2017,KAWASAKI,C,H,A,H,A,-117.9747696,34.05358124,21,1,PW,M,1,1
8926940,2,1,2019,1850,5,A,A,B,N,F,A,N,E,2018,KTM,C,B,A,H,A,-118.2668381,34.04597855,51,0,PW,F,1,2
8576778,2,1,2018,1455,3,A,A,D,N,M,A,N,B,2002,SUZUKI,C,H,A,H,A,-118.1000137,33.96938705,49,0,PV,M,1,0
8956247,1,1,2019,934,6,A,A,A,Y,F,G,ZZ,B,2008,DUCATI (MOTORCYCLE),C,A,A,H,A,-118.1285324,33.77534866,34,1,AM,F,1,1
8957366,1,1,2019,1823,5,A,A,C,Y,M,A,G,B,2009,YAMAHA,C,W,A,H,A,-118.4059677,34.00241089,22,0,AP,M,9,1
8707597,2,1,2018,1853,6,A,A,D,N,M,A,N,B,2018,SUZUKI,C,W,A,H,B,-118.0917587,33.91707611,24,0,PW,M,1,0
90942583,2,1,2019,830,4,A,A,B,N,M,A,N,B,2015,YAMA,C,H,A,H,A,-117.9766769,34.13545609,24,0,PW,M,1,1
8414206,1,1,2017,1612,4,A,A,C,Y,M,A,N,B,2005,HONDA,C,B,A,H,A,-118.238218,33.904091,47,0,PW,M,1,1
8528324,2,1,2017,1706,7,A,A,D,N,M,A,A,B,2007,YAMAHA,C,W,A,H,C,-118.441,34.28351011,40,0,AP,M,1,1
8528324,2,2,2017,1706,7,A,A,D,N,M,A,A,B,2007,YAMAHA,C,W,A,H,C,-118.441,34.28351011,35,0,AP,F,5,1
8553612,1,1,2018,650,3,A,A,D,Y,M,A,N,B,2004,YAMAHA,C,H,A,H,A,-118.3783035,34.12523651,25,0,PW,M,1,1
8615982,2,1,2018,1635,6,A,A,D,N,M,A,N,B,2015,YAMAHA,C,A,A,H,A,-118.1370621,33.91324234,21,1,PW,M,1,1
90678212,2,1,2018,2352,4,A,A,C,N,M,A,N,B,2002,SUZU,C,B,A,H,D,-117.826149,34.00726318,20,1,PW,M,1,1
8822736,2,1,2019,2049,3,A,A,C,N,M,A,N,B,2002,KAWASAKI,C,H,A,H,C,-118.0995636,34.07975006,56,0,PW,M,1,0
8869560,2,1,2019,1930,1,A,A,D,N,M,A,N,B,2007,KAWASAKI,C,W,A,H,C,-118.2409286,34.05039978,31,0,PW,M,1,1
9013570,1,1,2019,18,6,A,A,C,Y,M,A,N,B,2016,DUCATI (MOTORCYCLE),C,W,A,H,C,-118.4798584,34.13259888,22,0,AP,M,1,1
8974855,2,1,2019,715,1,A,A,D,N,M,A,N,B,2012,YAMAHA,C,W,A,H,A,-118.4574509,34.19038773,32,0,MW,M,1,1
8718752,1,1,2018,2135,2,A,A,D,Y,M,A,N,E,2016,YAMAHA,C,H,A,H,C,-117.6987305,34.12043762,28,0,NW,M,1,0
8396514,2,1,2017,2030,7,A,A,D,N,M,A,A,B,2005,SUZUKI,C,H,A,H,C,-118.4752471,34.18664,26,1,PW,M,1,1
8494106,1,1,2017,844,5,A,A,B,Y,M,A,N,J,2017,HONDA,C,H,A,H,A,-118.2530568,34.05661324,22,0,PW,M,1,0
8840280,1,1,2019,1601,5,A,A,D,Y,M,A,N,B,2016,YAMAHA,C,W,A,H,A,-118.4219589,34.03810883,23,0,PW,M,1,1
8749897,1,1,2018,1526,7,A,A,C,Y,M,B,N,B,2012,TRIUMPH,C,W,A,H,A,-118.20852,33.767384,46,0,PW,M,1,3
8385343,2,1,2017,350,3,A,A,D,N,M,A,N,B,1999,SUZUKI,C,O,A,H,C,-118.3264501,33.91644007,29,0,PW,M,1,1
8390514,2,1,2017,2030,4,A,A,D,N,M,A,N,B,2017,SUZUKI,C,W,A,H,C,-118.39597,34.03136006,24,0,PW,M,1,1
8609214,2,1,2018,1225,1,A,A,D,N,M,A,N,B,2016,VESPA,C,H,A,H,A,-118.3386536,34.0735817,47,0,PW,M,1,1
8899464,1,1,2019,1230,6,A,A,B,Y,M,A,N,I,2008,SUZUKI,C,H,A,H,A,-118.4137039,34.14481354,27,0,PW,M,1,2
8206066,2,1,2017,1753,1,B,A,D,N,M,A,N,B,2000,SUZUKI,C,W,A,H,C,-118.4160101,33.92602005,52,0,PW,M,1,1
8480521,1,1,2017,1025,1,A,A,D,Y,M,A,N,B,2006,YAMAHA,C,H,A,H,A,-118.4662121,34.20916042,28,1,PW,M,1,1
90588796,1,1,2017,633,4,A,A,D,N,M,A,A,B,2004,KAWI,C,H,A,H,C,-118.6173218,34.45614714,16,0,PW,M,1,1
8797976,2,1,2018,1245,3,A,A,D,N,M,A,N,B,2017,KTM,C,W,A,H,A,-118.2659378,34.03440475,22,0,PW,M,1,1
8374752,2,1,2017,2016,4,A,A,A,N,M,A,N,B,2000,KAWASAKI,C,H,A,H,C,-118.2918401,33.91642001,31,0,PV,M,1,1
8963219,2,1,2019,1704,7,A,A,D,N,M,A,N,B,1996,YAMAHA,C,W,A,H,A,-117.9296722,34.10702133,55,0,PW,M,1,1
8436304,1,1,2017,1430,4,A,A,D,Y,M,A,N,B,2015,DUCATI (MOTORCYCLE),C,H,A,H,A,-118.4757101,34.03743004,28,0,PW,M,1,1
8302188,2,1,2017,1750,1,A,A,D,N,M,A,N,B,2004,HONDA,C,H,A,H,A,-118.3040105,34.09812415,37,1,PW,M,1,0
8823368,2,1,2019,1645,3,B,A,D,N,M,A,G,B,2017,YAMAHA,C,H,B,H,A,-118.3572235,33.91641998,22,0,PW,M,1,1
8899058,1,1,2018,1711,3,A,A,F,Y,M,A,N,B,2017,YAMAHA,C,H,A,H,A,-118.3262253,33.89466095,46,0,PW,M,1,1
8514831,2,1,2017,1700,4,A,A,D,N,M,A,N,B,2009,SUZUKI,C,W,A,H,A,-118.2408701,34.05339001,22,0,PW,M,1,0
8718436,1,1,2018,1600,5,A,A,B,Y,M,A,N,I,2015,YAMAHA,C,H,A,H,A,-118.6686783,34.03953934,23,0,PW,M,1,1
8919022,1,1,2019,1500,2,A,A,B,Y,F,A,N,J,2001,JEEP,C,W,A,H,A,-118.5970459,34.24998856,72,0,GM,M,3,0
8961814,2,1,2019,915,3,A,A,D,N,M,A,N,B,2012,DUCATI (MOTORCYCLE),C,W,A,H,A,-118.5360184,34.18656921,33,0,PW,M,1,0
8899566,1,1,2019,1635,2,A,A,D,Y,M,A,A,B,1999,HONDA,C,B,A,H,A,-118.2810364,33.95277023,34,0,PW,M,1,0
91042828,1,1,2019,1155,6,A,A,A,Y,M,G,N,B,2000,HD,C,W,A,H,A,-117.8550568,34.24027252,56,1,PW,M,1,1
91042828,1,2,2019,1155,6,A,A,A,Y,M,G,N,B,2000,HD,C,W,A,H,A,-117.8550568,34.24027252,39,1,PW,F,2,1
8321507,2,1,2017,2315,4,C,A,D,N,M,H,A,B,2006,KAWASAKI,C,W,B,H,C,-118.0730901,34.67523003,23,0,PW,M,1,2
8327868,1,1,2017,1700,4,A,A,B,Y,M,A,F,B,2014,YAMAHA,C,H,A,H,A,-118.6079812,34.21961,23,0,PW,M,1,1
8933861,2,1,2019,850,1,A,A,D,N,F,A,N,B,2018,VESPA,C,O,A,H,A,-118.4366531,34.03282928,61,0,PW,F,1,1
8705803,1,1,2018,745,2,A,A,C,Y,M,A,N,A,2010,DUCATI (MOTORCYCLE),C,H,A,H,A,-118.5600433,34.4132576,34,0,PW,M,1,2
8412324,2,1,2017,2000,2,A,A,D,N,M,A,N,B,2016,DUCATI (MOTORCYCLE),C,W,A,H,B,-118.5407301,34.17068002,37,1,PW,M,1,3
8499876,2,1,2017,1158,5,A,A,H,N,M,A,N,B,2013,HONDA,C,H,A,H,A,-118.3624995,33.94543963,48,0,PW,M,1,1
8503488,2,1,2017,1936,2,A,A,D,Y,M,A,A,P,2016,YAMAHA,C,W,A,H,C,-118.00204,33.89091004,22,0,PW,M,1,0
8733991,1,1,2018,804,5,A,A,A,Y,M,A,ZZ,B,2013,YAMAHA,C,H,A,H,A,-117.9429092,34.10699844,48,0,MW,M,1,0
90724811,1,1,2018,1948,5,A,A,E,Y,M,G,H,B,2014,HOND,C,W,A,H,C,-118.0707092,34.14820862,47,1,PW,M,1,1
7199896,1,1,2017,1745,7,A,A,B,Y,M,B,N,B,2014,YAMAHA,C,H,A,H,C,-118.316002,33.9746,28,1,PW,M,1,1
7199896,1,2,2017,1745,7,A,A,B,Y,M,B,N,B,2014,YAMAHA,C,H,A,H,C,-118.316002,33.9746,24,1,PY,F,2,1
8695222,2,1,2018,2130,7,A,A,C,N,M,A,N,B,2011,KAWASAKI,C,H,A,H,C,-118.3852844,34.03112411,18,0,PW,M,1,0
8703838,1,1,2018,1617,6,A,A,D,Y,M,A,A,N,2007,HONDA,C,W,A,H,A,-118.4099274,33.78884125,58,0,MW,M,1,1
8703838,1,2,2018,1617,6,A,A,D,Y,M,A,A,N,2007,HONDA,C,W,A,H,A,-118.4099274,33.78884125,5,0,GW,F,6,0
8749313,2,1,2018,1330,5,A,A,D,N,M,A,N,B,2008,HONDA,C,W,A,H,A,-118.3222504,34.08710861,53,0,PW,M,1,1
90844502,1,1,2018,1755,3,A,A,B,N,M,A,N,B,2011,HOND,C,W,A,H,B,-118.2550659,34.10608292,25,0,PW,M,1,1
91043928,2,1,2019,1145,6,B,A,D,N,M,A,N,B,2007,YAMA,C,W,A,H,A,-118.330246,34.43730164,51,1,PW,M,1,1
8323468,1,1,2017,1315,4,A,A,C,Y,M,A,F,H,2017,HONDA,C,W,A,H,A,-118.1247424,33.78849568,24,0,PW,M,1,1
8994720,2,1,2019,1640,4,A,A,B,N,M,A,N,B,2012,YAMAHA,C,O,A,H,B,-118.3940582,33.97802353,25,0,PW,M,1,1
8459740,1,1,2017,2040,5,A,A,H,Y,M,A,N,B,2013,KAWASAKI,C,H,A,H,C,-118.12523,34.56523004,23,1,PW,M,1,1
8574695,2,1,2018,1620,3,A,A,D,N,M,A,N,B,2015,KAWASAKI,C,H,A,H,A,-118.3404007,34.09071732,19,0,PW,M,1,1
8635919,1,1,2018,1305,1,B,A,C,Y,F,A,N,B,2015,CHEVROLET,C,W,A,H,A,-117.8290176,34.11800766,59,0,GM,F,1,0
8975388,2,1,2019,1723,7,A,A,A,N,M,A,N,B,2014,SUZUKI,C,W,A,H,A,-118.6569519,34.03900528,26,0,PW,M,1,3
8665493,2,1,2018,1830,4,A,A,D,N,M,A,N,C,2009,SUZUKI,C,H,A,H,A,-118.2916107,34.05221939,27,0,PW,M,1,1
90799292,2,1,2018,1101,7,A,A,D,N,M,A,N,B,2014,HONDA,C,W,A,H,A,-118.8168182,34.0956192,26,0,PP,M,1,1
90808233,2,1,2018,1625,6,A,A,B,N,M,A,N,B,2009,SUZI,C,O,A,H,A,-118.1621704,33.81171799,37,0,PY,F,2,1
90808233,2,2,2018,1625,6,A,A,B,N,M,A,N,B,2009,SUZI,C,O,A,H,A,-118.1621704,33.81171799,35,0,PW,M,1,1
91098094,1,1,2019,540,4,A,A,B,Y,M,A,N,B,2015,KAWA,C,H,A,H,C,-117.8914795,34.12098312,40,1,PW,M,1,0
8331957,1,1,2017,1840,4,A,A,C,Y,M,B,A,B,2016,YAMAHA,C,H,A,H,C,-118.1383993,33.92620943,23,1,PV,M,1,0
8331957,1,2,2017,1840,4,A,A,C,Y,M,B,A,B,2016,YAMAHA,C,H,A,H,C,-118.1383993,33.92620943,17,1,PY,F,2,1
8952774,2,1,2019,2300,5,A,A,D,N,M,A,N,B,2014,YAMAHA,C,H,A,H,C,-118.1353302,33.94631195,29,0,PW,M,1,1
9002253,2,1,2019,1310,6,B,A,B,N,M,A,A,I,1972,HONDA,C,B,B,H,A,-118.4781418,33.99592972,31,0,PW,M,1,0
8440497,1,1,2017,1800,1,A,A,D,Y,M,A,G,E,2002,SUZUKI,C,H,A,H,A,-118.44876,34.21796003,19,0,PW,M,1,0
8201005,2,1,2017,1915,3,A,A,B,N,M,A,N,B,1998,HONDA,C,A,A,H,C,-117.8488954,34.04272505,22,0,PW,M,1,1
8671810,2,1,2018,1430,7,A,A,D,N,M,A,ZZ,B,2017,SUZUKI,C,H,A,H,A,-118.4282379,34.29336166,28,0,PV,M,1,2
8349857,2,1,2017,1840,3,A,A,B,N,M,A,N,A,2017,HONDA,C,W,A,H,A,-118.34187,34.06492003,33,1,PW,M,1,3
8349857,2,2,2017,1840,3,A,A,B,N,M,A,N,A,2017,HONDA,C,W,A,H,A,-118.34187,34.06492003,32,0,FW,F,0,3
8940306,2,1,2019,1930,1,A,A,A,N,M,A,N,B,2003,YAMAHA,C,A,A,H,C,-118.3509293,34.03250885,32,0,PW,M,1,0
8859060,2,1,2019,1710,6,A,A,B,N,M,A,N,B,1982,HONDA,C,W,A,H,A,-118.1428223,34.68944931,60,0,PW,M,1,1
8927318,1,1,2019,1054,6,A,A,D,Y,F,A,N,E,2011,NISSAN,C,A,A,H,A,-118.371521,34.09403992,36,0,GL,F,1,0
8982465,2,1,2019,1510,5,A,A,B,N,M,A,N,A,2019,SUZUKI,C,B,A,H,A,-118.3350067,34.03258133,44,0,AM,M,1,0
8637644,2,1,2018,2000,6,A,A,A,N,M,A,N,B,2017,TRIUMPH,C,W,A,H,B,-118.2458725,34.11487961,26,0,PW,M,1,0
8781823,1,1,2018,1640,4,A,A,C,Y,M,A,N,B,2009,KAWASAKI,C,H,A,H,A,-118.2783279,33.97465897,54,0,GM,M,1,0
8351744,1,1,2017,940,5,A,A,D,N,M,A,N,B,2016,BMW,C,W,A,H,A,-118.1518552,33.78979933,27,1,PW,M,1,1
8414884,2,1,2017,1800,3,A,A,H,N,M,A,N,B,2015,YAMAHA,C,A,A,H,A,-117.8372701,33.97469001,32,0,PW,M,1,1
8719927,2,1,2018,1500,4,A,A,D,N,F,A,N,B,2016,KAWASAKI,C,H,A,H,A,-118.5817566,34.23956299,27,0,PW,F,1,1
8975780,2,1,2019,617,5,A,A,B,N,M,A,N,B,2016,YAMAHA,C,H,A,H,C,-118.0229034,34.07408905,26,0,PW,M,1,1
8448143,1,1,2017,1100,2,A,A,B,Y,M,A,N,J,2015,KAWASAKI,C,H,A,H,A,-118.35276,33.90984011,26,0,PW,M,1,0
8328618,1,1,2017,2125,4,A,A,D,Y,M,A,A,B,2013,HONDA,C,H,A,H,C,-118.58852,34.2286214,21,0,PW,M,1,0
8538332,1,1,2018,1150,6,B,A,E,Y,M,A,N,H,2012,SUZUKI,C,W,A,H,A,-118.4523315,34.30962372,52,0,PW,M,1,1
8608955,1,1,2018,1205,4,C,A,C,Y,F,A,N,B,1994,TOYOTA,C,B,B,H,A,-118.26931,34.00385284,35,0,GM,F,4,0
6678170,1,1,2017,1452,1,B,A,D,Y,M,B,N,B,2005,YAMAHA,C,H,A,H,A,-118.1920001,33.95280004,32,1,PW,M,1,0
8535913,2,1,2018,1625,3,B,A,D,N,M,A,N,B,2004,HONDA,C,B,A,H,B,-118.4127731,34.27472305,32,0,PW,M,1,1
8381760,1,1,2017,1000,5,A,A,B,Y,M,A,N,J,2004,KAWASAKI,C,W,A,H,A,-118.5406393,34.41144856,58,0,PW,M,1,1
8544120,1,1,2018,1025,7,A,A,C,Y,M,A,N,H,2004,HONDA,C,H,A,H,A,-118.2958221,34.28086853,19,0,PW,M,1,1
8447210,2,1,2017,1715,6,A,A,H,N,M,A,N,B,2016,GENESIS,C,H,A,H,A,-118.2509892,34.07245459,28,0,PW,M,1,0
8405946,2,1,2017,1725,1,A,A,D,N,M,A,N,B,1997,SUZUKI,C,W,A,H,A,-118.3703301,34.15241004,33,0,PW,M,1,1
8405946,2,2,2017,1725,1,A,A,D,N,M,A,N,B,1997,SUZUKI,C,W,A,H,A,-118.3703301,34.15241004,20,0,PY,F,0,1